string,count
斩,47283
謤,32156
沾,22449
寨,22021
謥,21172
盏,16047
诈,15780
战,14931
湛,14675
宅,13285
詹,10665
瞻,10550
蘸,9361
眨,9335
闸,9241
咋,8730
謩,8163
窄,6925
占,6139
站,5829
债,5009
栅,4758
謨,4074
战湛,3813
辗,3813
盏斩,2814
斩栅,2644
謤栅,2644
展,2473
粘,2427
斩斩,2220
战謥,2207
謥斩,2202
栈,2154
謤湛,2017
謤寨,2012
沾闸,1884
斩战,1789
沾斩,1773
咋沾,1761
毡,1541
占斩,1509
摘,1490
謤债,1454
斩謩,1423
斩寨,1406
謤毡,1371
謤眨,1192
謤瞻,1185
咋眨,1165
盏謤,1162
战斩,1144
斩眨,1101
謤沾,1088
謤战,1044
辗湛,981
斩謥,943
瞻謤,885
盏謥,861
战蘸,850
辗窄,829
寨斩,791
眨斩,761
宅謩,747
謤謩,723
盏宅,710
謤斩,705
宅斩,696
湛斩,682
战寨,669
謩斩,652
栅謤,647
咋瞻,615
眨謤,596
謤诈,592
謤摘,577
湛謤,568
謤闸,562
咋寨,561
斩毡,555
咋闸,551
咋斩,541
斩沾,530
斩展,517
斩湛,511
盏战,510
宅战,473
斩謩斩,473
斩战斩,457
謤辗,451
窄湛,446
斩诈,441
斩栈,438
寨謥,437
咋蘸,429
詹闸,421
站斩,418
闸斩,415
謥战,412
沾謩,402
沾湛,402
咋战,392
寨战,384
詹沾,370
謤蘸,367
战謤,361
盏湛,360
寨謤,357
詹栈,351
咋栅,350
咋盏,348
盏謩,342
辗斩,338
詹斩,335
斩瞻,332
瞻沾,330
盏诈,323
詹寨,322
斩辗,318
窄謤,307
詹謩,294
謩謤,292
站謩,292
债斩,291
詹债,289
湛寨,285
咋窄,285
謩战,283
盏债,283
咋湛,281
瞻斩,281
窄斩,280
站謤,276
斩蘸,270
栅摘,269
咋謩,267
咋站,262
謤粘,259
斩窄,255
謤战斩,253
斩謤,252
謤寨謤,252
斩债,252
战栈,251
斩謥斩,245
沾謤,244
謤栈,239
咋謤,238
沾战,238
湛战,232
沾蘸,231
斩毡斩,230
詹窄,228
詹诈,228
詹詹,228
謥栅,225
战謩,224
栈斩,222
诈斩,220
站诈,217
寨謩,217
战謤闸,217
詹战,210
謤毡謤,208
詹湛,204
謤沾斩,204
斩闸,203
站战,202
謥寨,197
辗謤栈,196
湛沾,196
斩粘,195
謤謥,194
沾闸謩,192
咋謨,190
詹毡,189
宅战斩,189
斩盏,186
謤展,185
謤寨斩,185
沾闸斩,184
站湛,180
蘸湛,174
蘸謤,174
寨占,173
謤謤,168
眨湛,166
咋诈,163
咋咋,162
寨湛,161
斩栅謤,159
湛謩,158
謤謨,157
謥謩,156
謤瞻斩,156
咋宅,156
闸占斩,152
瞻占,152
斩毡謤,150
謤謩斩,148
盏眨,146
站寨,145
詹栅,143
眨宅窄,140
眨宅,139
謤瞻謤栅,139
窄粘,139
站闸,138
闸謤,137
斩湛謤,136
战战,135
瞻蘸,133
寨詹,129
謤咋,129
战窄,128
謤栅斩,126
詹謥謤,126
斩咋,125
斩栅栅,125
盏湛斩,123
咋债,123
咋辗,121
寨战斩,120
盏斩战,120
窄斩栅,119
盏战斩,117
栈謤,117
蘸战,116
斩战湛,116
謥沾,116
窄战湛,115
战謤湛,113
债战,112
湛眨,110
斩眨斩,109
站沾,108
毡眨,106
诈战,105
宅展,105
咋毡,105
窄斩栅謤,105
辗寨,104
詹沾斩,104
斩謨,103
謨謤寨,102
詹謥,101
战湛斩,101
展謩,101
债寨,101
謨謤,101
窄占,101
战沾,98
蘸战湛,97
沾窄,97
宅謩斩,96
咋展,95
蘸詹债,93
盏栅,92
蘸湛詹,89
粘辗沾,88
謤战湛,88
站謩斩,87
謨战,87
辗斩展,87
辗沾,86
眨诈,86
战謨,84
謤辗湛,84
斩站,84
湛粘,83
沾辗湛,83
盏咋,82
湛斩寨,82
展斩,81
斩咋眨,81
斩栅斩,80
站辗湛,80
謩斩斩,79
咋瞻謤,79
诈辗斩,78
湛謤湛沾,77
盏斩謩,76
詹謨,75
战诈,75
蘸斩栅,74
宅謥,72
湛战斩,71
占战,71
战栅,70
謤栅战,70
謤栅寨,70
站栅,69
展战,69
盏詹,69
謩栅,68
盏占,68
盏寨,68
咋謥,68
闸摘辗寨,67
謤窄,66
站謤栅,66
占斩寨,66
湛詹,66
咋粘,65
栅斩,64
湛謩斩,64
战宅,64
沾闸占斩,63
战湛謤,63
詹战斩,63
謥謤,63
寨謩斩,62
詹眨,62
战寨咋闸斩,62
謨寨,61
瞻咋,60
湛诈,60
战眨,60
瞻斩毡,60
咋謤寨,59
謨辗湛,59
謤战蘸,59
謩湛,59
毡沾,59
辗謩,58
战湛寨,58
宅占,58
宅宅,57
謤债謤,57
窄宅,57
謥謥,57
瞻斩展,56
诈辗,55
湛辗,55
宅栅,55
斩摘,55
战詹,55
咋占,55
寨謤寨斩,55
粘眨斩,55
瞻战,54
沾謨,54
咋摘,54
窄斩寨,53
诈謩,52
站粘,52
沾闸謩斩,52
謨诈,52
盏瞻,52
謨辗,52
窄沾闸,52
斩斩栈,52
闸栅,51
眨詹,51
謤寨謤蘸,51
斩宅,51
寨宅,51
謤沾謤,51
栅栅,50
债謩,50
摘寨,50
沾诈,50
謤湛斩,50
眨斩栅,50
寨斩謩,50
沾寨謤湛,50
湛湛,49
瞻占展,49
盏謤斩,49
沾辗,49
宅债,49
沾辗湛斩栈,49
斩战栅,48
湛蘸,48
寨辗占,48
寨沾,48
咋战蘸,48
寨謤诈,48
寨栅,47
诈謤,47
謥闸,47
占謩,46
謤诈斩,46
咋闸斩,46
謨斩,46
謥战斩,45
诈占,45
詹謤,45
謤栅謩,45
斩寨斩,45
謤謩战,45
债斩斩栅,45
寨辗,44
謥瞻,44
盏謩斩,43
湛摘,43
窄沾,43
謤湛战,43
眨战,42
粘寨,42
占寨,42
謤眨沾,42
战闸,42
债窄,42
沾斩斩,41
窄战,41
栈斩栈,41
闸詹窄,41
咋战湛,41
謥盏,41
盏斩蘸,40
辗謨,40
斩瞻斩,40
瞻斩眨,40
咋詹栈,40
寨辗湛,40
謤闸斩,39
蘸詹,39
蘸占,39
展窄,39
謥斩债,39
盏謥斩,38
宅謤,38
盏斩斩,38
斩栅战,38
謤寨闸,38
站瞻,38
謨詹,38
蘸詹斩毡,38
謥謤湛,38
沾寨,37
斩沾湛,37
战謨占,37
寨湛謤,37
斩栅窄湛,37
展謩斩,36
謤栅沾,36
瞻宅,35
眨占,35
债战斩,35
展沾,35
斩謤闸,35
瞻寨,34
蘸瞻,34
沾战斩,34
盏战蘸,34
謤湛謩,34
謤栅沾斩,34
粘謤,34
咋詹,34
謤战寨,34
寨诈,34
瞻战寨,34
斩謥战,33
盏摘,33
謨謩,33
站咋,33
謥湛,33
战寨战,33
债謤,32
诈战斩,32
战湛战,32
斩栅斩栅,32
斩寨詹沾,32
斩眨战湛,32
斩毡寨,32
斩栅眨斩,32
詹謩斩,32
眨謩,32
诈宅謨,32
宅沾,31
瞻謩,31
站战湛,31
沾詹,31
摘斩,31
诈沾,31
蘸粘斩,31
栅蘸謤,31
站蘸,31
謥眨,31
斩栅瞻,30
宅謩栅,30
盏粘,30
沾謤謥,30
謤栅战斩,30
咋栅謤,30
斩栅站,30
湛窄謤,30
栅沾,29
诈诈,29
詹栈寨,29
盏蘸,29
盏謤战,29
詹湛寨,29
眨謤眨占,29
謨宅,29
诈詹诈,29
詹站,28
沾沾,28
战湛詹,28
湛展,28
謤栈斩,28
謨展,28
盏斩战斩,28
謤湛寨,28
謥蘸,28
咋謩謤,28
债謥,27
窄謩,27
诈窄,27
诈詹,27
斩眨謤,27
謤债战,27
眨沾,27
站詹,27
债謨,27
寨战寨债,27
栈謤瞻,27
湛詹沾,27
咋眨斩,26
占斩斩,26
蘸辗,26
斩诈謤,26
謤斩展,26
眨债,26
蘸斩,26
栅謤栅,26
謤寨斩展,26
謤咋蘸,26
咋栈,26
辗宅,26
寨寨,25
詹粘,25
詹湛斩,25
摘辗湛,25
斩謥栅,25
謤寨战,25
謩辗,25
沾闸栅,25
栈战,25
眨謤眨,25
栅謤摘,25
湛占謨,25
謤寨蘸,25
咋沾斩,25
粘辗眨謤湛,25
蘸蘸,24
寨斩寨,24
湛战蘸,24
斩謩栅,24
謤战栅,24
瞻沾湛,24
謩沾,24
寨债,24
眨謤寨,24
窄咋,24
诈咋,24
咋寨謤,24
战沾闸,24
蘸詹湛,24
湛謤湛斩栈,24
辗湛斩,23
栅摘斩,23
斩寨湛,23
盏沾,23
闸宅,23
窄展,23
展战斩,23
謤謨斩,23
沾闸辗,23
斩謩战,23
占战斩,23
瞻战斩,23
謩诈,23
咋眨謤,23
咋站謤,23
瞻謤粘,23
毡寨斩,23
盏战湛,23
謩謤湛斩,23
栅詹,22
詹蘸,22
盏战战,22
债蘸,22
斩寨詹,22
战謩斩,22
謤毡斩,22
摘湛,22
謨辗謤,22
栅占斩,22
栅战湛,22
宅宅寨,22
辗湛战,21
湛窄,21
斩栈謤蘸,21
謤寨沾湛,21
斩寨宅,21
窄栈,21
战战斩,21
瞻謤栅,21
咋沾湛,21
摘謤,21
辗詹诈,21
謨占,21
斩栅謩,20
债沾,20
謤债謩,20
栈謩,20
盏战謩,20
寨展,20
沾謩斩,20
斩诈宅謨,20
謤湛斩展,20
辗战,20
蘸粘,20
占沾,20
斩辗沾,20
湛謤蘸,20
诈占展,20
闸詹,20
闸宅謤,20
窄诈,20
謤寨湛,20
沾謤栈,20
咋瞻占,20
宅湛,20
辗湛蘸,20
咋謤蘸,20
窄詹粘,20
战謤湛沾湛,20
寨謤粘,20
沾謤眨,20
謨謤謨謤,20
眨眨,19
盏謥战,19
咋斩斩,19
謤謥斩,19
盏謤謩,19
湛栅,19
盏诈战,19
斩眨展,19
沾闸战,19
斩斩沾,19
謤债斩,19
辗謤,19
瞻粘,19
謩瞻,19
咋咋謤,19
窄债,19
咋战謤闸,19
謤毡寨,19
寨占謨,19
寨謤湛战,19
湛斩湛,19
謥宅,19
詹沾寨,18
战展,18
沾占,18
謤毡战,18
詹宅,18
斩展謩,18
斩窄斩,18
战寨謤,18
謤湛战斩,18
謤沾湛,18
謤战战,18
辗詹,18
咋债斩,18
謨湛,18
宅寨湛,18
宅謤湛,18
寨湛湛,18
毡眨湛,18
粘展,18
謩謤沾,18
詹毡斩,17
謤毡謥,17
沾宅,17
謤謩栅,17
战湛謩,17
斩窄謤,17
战沾斩,17
宅謩战,17
占诈,17
占摘,17
占瞻,17
斩栅战斩,17
宅寨,17
闸謤栅,17
站眨,17
窄湛謤,17
咋瞻斩,17
战湛斩栅,17
謥债,17
闸闸,16
寨闸,16
诈寨,16
粘沾,16
粘占,16
沾栅,16
詹盏,16
斩栅沾,16
宅战栅,16
斩瞻謤,16
盏湛战,16
斩斩辗,16
斩战窄,16
斩战蘸,16
战蘸斩,16
粘斩,16
寨謤寨,16
闸謩,16
謤战占,16
寨粘詹,16
湛占,16
咋战寨,16
诈沾闸謤,16
寨詹咋,16
沾占斩展,16
沾謤謤寨,16
盏詹謨,16
战斩斩栅,16
闸眨,15
謩謩,15
站謨,15
謤闸謩,15
辗湛謩,15
沾闸謤,15
栅摘斩栅,15
盏辗,15
盏謩栅,15
咋謩斩,15
窄詹,15
眨栅,15
窄辗湛,15
謥展,15
謩寨,15
咋眨宅窄,15
咋战斩,15
咋诈辗斩,15
咋寨债,15
謤栅蘸,15
摘眨斩,15
咋战謤,15
粘沾宅,15
謥诈,15
謥咋,15
謤摘沾,14
战寨咋闸,14
盏宅战,14
謤眨斩,14
謤眨战,14
斩展战,14
战湛占,14
斩毡战,14
粘战,14
眨战斩,14
眨沾闸,14
栅战謤,14
謩寨斩,14
咋窄謤,14
咋斩辗,14
咋站寨,14
咋謨謤寨,14
窄謥,14
债债,14
謥斩栅,14
辗占,14
斩辗窄,14
战湛謤寨,14
战謤战寨,14
盏謥謩,13
謥謩斩,13
宅謨,13
盏摘沾,13
謤寨沾,13
斩战謤闸,13
謤瞻战,13
沾咋,13
謤栅謩斩,13
占闸,13
占謥,13
謤沾咋栅,13
盏斩謩斩,13
眨闸,13
辗窄斩,13
闸占,13
窄战斩,13
斩眨战,13
眨謤展,13
诈斩栅,13
盏謤战斩,13
战湛沾,13
斩寨战,13
謥占,13
展斩展,13
宅謤闸,13
寨謤债,13
粘辗栅,13
闸栅宅,12
詹瞻,12
闸摘,12
站謤瞻,12
斩闸摘辗寨,12
斩闸斩,12
盏诈謩,12
斩寨謤,12
宅粘,12
宅蘸,12
蘸謨,12
占湛,12
斩眨謩,12
謤寨謥,12
栈宅,12
謥斩謥,12
沾摘,12
謤栅栅,12
闸债,12
闸謤湛,12
詹诈斩,12
沾謤謤,12
寨斩粘,12
栈战斩,12
湛謥,12
咋闸占斩,12
咋咋眨,12
咋辗斩,12
謩謤寨,12
窄謤诈斩,12
斩眨瞻,12
毡寨,12
謥站,12
謥謨,12
謩謤湛,12
謩謤毡,12
窄湛斩,11
窄湛战,11
蘸謩,11
展寨,11
盏栅蘸,11
斩眨詹,11
债謩斩,11
战湛眨湛,11
謩展,11
斩窄宅,11
斩蘸湛詹,11
斩战寨咋闸斩,11
战詹斩,11
栅蘸,11
謤诈謩,11
斩战栅謤,11
謨瞻,11
摘沾,11
诈謨,11
謤寨战斩,11
站宅,11
辗蘸,11
栅詹謤栅,11
栅占,11
咋窄战湛,11
咋寨斩,11
眨蘸,11
咋斩战湛,11
咋蘸战,11
咋战謩,11
窄宅謤湛,11
债斩寨,11
盏湛占,11
寨粘,11
寨謤粘湛,11
沾寨斩,11
斩辗寨,11
战窄謤,11
摘栅,10
沾闸债,10
謨謤寨展,10
盏宅謩,10
盏湛謩,10
眨毡,10
斩咋闸,10
占斩宅,10
斩寨粘,10
斩辗斩,10
斩栈謤栅,10
斩謩斩斩,10
宅謤栈,10
瞻謩斩,10
占粘,10
沾謩战,10
謤诈战,10
謩宅,10
闸寨,10
粘粘,10
闸诈,10
斩栅窄,10
盏斩沾湛,10
謤謥沾,10
咋粘辗沾,10
咋蘸詹债,10
咋湛寨,10
诈沾謤,10
摘蘸謤瞻,10
沾湛謤,10
謤战窄,10
謥窄,10
债詹,10
寨债寨,10
寨沾闸,10
沾謤湛,10
斩占斩,10
湛辗眨,10
蘸謤寨,10
謥毡,10
湛謤謨,10
謩战湛沾斩,10
謩謤诈沾斩栈,10
眨謥,9
占栅,9
斩栈謩,9
詹咋,9
粘謩,9
沾蘸謤,9
盏宅斩,9
盏战栅,9
盏战謤,9
盏謤栅,9
斩眨诈,9
斩瞻蘸,9
斩辗斩展,9
謤沾战,9
謤栈战,9
斩占,9
斩站斩,9
斩站謤,9
辗栅,9
蘸宅,9
栈沾,9
占宅,9
湛斩瞻,9
债眨,9
展栅,9
寨斩栅,9
謨謨,9
宅詹,9
斩战战,9
謤詹,9
窄斩毡,9
眨毡毡,9
站诈斩,9
闸战,9
謤斩栈,9
詹展,9
咋窄斩,9
咋窄占,9
咋寨湛,9
沾眨,9
謤宅,9
咋站斩,9
咋站湛,9
摘窄斩栅謤,9
咋湛詹,9
斩栅站咋,9
占辗湛,9
謩战湛,9
斩斩战斩,9
宅寨斩,9
窄窄斩栈,9
窄湛詹湛,9
债债沾闸,9
瞻斩栅寨,9
瞻謤寨,9
沾謤粘,9
沾謤沾斩栈,9
辗謤栈辗謤栈,9
蘸詹蘸栈,9
战蘸謤栅,9
站謤斩栈,9
謨詹毡寨,9
謨謤债,9
闸栅宅沾,8
债栅,8
斩栈战,8
栅摘蘸,8
盏闸,8
盏斩展,8
盏诈斩,8
斩咋詹栈,8
战湛眨,8
斩寨斩栅謤,8
斩寨謥,8
斩辗謩,8
謤湛謩斩,8
占毡,8
蘸寨,8
謩謥,8
窄詹窄,8
毡寨湛,8
謤站,8
眨咋,8
辗辗,8
摘战,8
謤寨謩,8
謤债战斩,8
站粘占,8
咋眨宅,8
斩展斩,8
栈謥,8
咋窄斩栅,8
咋寨詹,8
咋寨占,8
咋瞻蘸,8
謤蘸战,8
辗诈,8
债站,8
咋沾战,8
咋沾謤,8
沾謨战,8
咋謩战,8
诈沾闸,8
诈沾闸寨,8
展眨,8
盏诈沾,8
寨斩栅謤寨,8
謩詹,8
寨謤战,8
毡謤,8
湛謤寨,8
斩摘栅,8
辗謤诈,8
蘸謤湛,8
栈謤眨,8
湛摘眨,8
湛瞻,8
謨战窄,8
謩斩謩辗,8
湛宅,7
寨咋,7
謤謥战,7
謤战謩,7
詹窄战,7
詹债斩,7
诈宅,7
盏宅战斩,7
盏斩沾,7
盏战沾,7
謤眨謩,7
斩闸占斩,7
斩宅战,7
斩宅謩,7
斩债斩,7
斩寨謩,7
栅战,7
斩沾窄,7
斩斩寨,7
謤瞻謩,7
謤栈謩,7
斩湛斩,7
斩謩诈,7
占斩栅,7
战蘸斩栈,7
盏謨,7
湛謤站辗斩,7
謤债寨,7
宅瞻,7
摘謩,7
謤毡謩,7
诈闸,7
占謩栅,7
占謩斩,7
謩战斩,7
謤债謥,7
站展,7
辗湛寨,7
辗湛战斩,7
寨战寨,7
謩蘸,7
謤寨粘,7
栅摘寨,7
栅摘謤,7
盏咋斩,7
謤寨辗,7
瞻謤斩,7
咋眨斩栅,7
蘸战斩,7
斩栈斩,7
斩展蘸,7
咋宅战,7
瞻栅,7
沾斩栅,7
咋粘謤,7
咋斩沾,7
眨展,7
咋栈謤瞻,7
咋湛謤,7
宅窄,7
摘窄湛,7
宅謥謥,7
窄占斩,7
窄謨,7
謨债,7
寨詹寨詹,7
謤斩诈,7
寨蘸謤,7
寨謤蘸,7
謩謤謩,7
斩眨辗,7
謤湛謤,7
粘斩辗,7
沾债詹斩,7
沾斩展,7
栈闸,7
辗辗斩栈,7
辗展,7
沾展,7
栈詹,7
占沾闸,7
战斩栅,7
战湛謤栈,7
站瞻寨,7
站謤寨,7
湛窄沾,7
闸栅宅沾战,6
寨斩斩,6
诈謩斩,6
謤闸謩斩,6
謤寨展,6
盏眨战,6
斩闸债,6
斩栅詹,6
斩咋謤,6
闸斩栅,6
斩窄占,6
斩窄湛謤,6
謤诈展,6
栅謩,6
斩辗謨,6
斩寨斩栅,6
斩站诈,6
斩湛謤湛沾,6
斩謤栈,6
斩謥謩,6
栈栅,6
占眨,6
占窄,6
占战湛,6
站謩战,6
咋栅斩,6
謤咋斩,6
謤沾寨,6
闸宅辗,6
闸謤眨,6
宅战湛,6
詹栈斩,6
粘战斩,6
斩栅謩斩,6
眨湛謥,6
謨窄謤,6
栅宅,6
謨沾,6
詹斩眨,6
謩闸,6
盏斩摘,6
謤寨栅,6
诈斩蘸,6
沾战宅,6
詹闸战,6
站战斩,6
咋闸謤,6
謥栈,6
謤粘战,6
謤毡战斩,6
咋沾占,6
战湛战斩,6
咋斩栅,6
咋斩寨,6
盏斩栅,6
謤沾战斩,6
咋蘸湛,6
咋栈謤,6
咋湛謤湛沾,6
咋謥謤,6
斩栅沾湛,6
謤謥謥,6
斩寨謤寨,6
眨謩斩,6
诈占展斩,6
诈謤债,6
摘宅,6
债宅,6
宅蘸謤债,6
宅蘸謤辗,6
窄寨,6
謤瞻沾湛,6
盏咋謩,6
债占,6
债斩眨,6
謥謤栅,6
粘眨,6
栈眨,6
沾詹毡寨,6
沾詹湛,6
沾辗寨,6
沾占沾占,6
謤辗謤栈,6
斩寨謤湛,6
战謤斩眨,6
战謤湛斩,6
站斩栅,6
站占,6
站湛湛,6
站謤诈,6
湛謤栅,6
謥摘,6
謨詹辗湛,6
詹謤诈,6
謩债斩,6
瞻沾斩,5
咋眨栅,5
斩栈战斩,5
斩栅占,5
辗湛謩斩,5
窄栅,5
湛謤湛,5
盏栅沾,5
盏栅謤,5
盏宅沾,5
盏债战,5
盏债謩,5
盏蘸斩,5
斩栅宅,5
占斩瞻,5
斩斩战,5
謤摘战,5
謤沾謩,5
盏摘战,5
战蘸謩,5
斩战寨,5
謤闸战,5
斩站辗湛,5
斩站湛,5
斩謨謤寨,5
寨战栅,5
蘸宅闸,5
占宅謥,5
占斩蘸,5
占斩战,5
占栈,5
詹闸謩,5
謤湛栅,5
湛謤斩,5
謤寨詹,5
战斩斩,5
謨窄,5
窄斩粘,5
謤栈战斩,5
摘蘸,5
诈栅,5
闸咋斩,5
闸窄,5
闸展,5
斩毡謩,5
眨斩诈,5
栅摘眨,5
栅寨,5
宅栈,5
謤寨栅謤,5
謤寨窄,5
詹沾斩斩,5
謤瞻战斩,5
瞻站,5
毡斩,5
咋闸摘辗寨,5
咋闸宅,5
湛战栅,5
咋栅战湛,5
咋咋謤寨,5
咋诈咋,5
咋诈宅謨,5
咋诈辗,5
咋窄斩栅謤,5
咋窄斩寨,5
謤粘斩,5
咋寨粘詹,5
咋瞻咋,5
咋毡沾,5
咋沾窄,5
咋沾寨謤湛,5
咋沾占斩,5
咋沾占战,5
咋斩辗窄,5
咋展謩斩,5
咋蘸謤,5
詹斩栈,5
摘窄斩栅,5
咋謨詹,5
战湛展,5
宅謩謥,5
詹寨湛,5
謤展湛,5
窄斩栈,5
窄詹粘沾湛,5
窄斩债,5
謤辗斩,5
窄湛湛詹,5
窄謤毡,5
寨摘,5
盏战寨,5
謤粘沾湛,5
寨债债,5
寨詹沾,5
寨斩栈,5
粘詹,5
寨謤寨湛,5
战蘸謤,5
沾瞻,5
辗湛沾,5
瞻斩债,5
瞻謤毡眨,5
占斩湛,5
寨战湛,5
沾债闸斩,5
沾謤沾占,5
沾謤謥沾,5
謥占寨,5
斩辗栅,5
斩战湛謥,5
摘斩栅,5
蘸展謤,5
栈謤寨,5
占斩眨,5
战寨湛,5
战斩眨,5
战湛斩湛,5
湛湛蘸,5
謥瞻謤,5
謥詹,5
謨占斩眨,5
謩诈诈,5
毡湛,5
闸宅瞻,4
咋栅沾,4
窄湛謩,4
盏咋战,4
詹粘寨,4
沾詹栈,4
粘蘸,4
謤毡栈,4
盏眨斩,4
盏宅謩斩,4
盏斩謥,4
盏战展,4
盏战謩斩,4
瞻湛,4
盏摘斩,4
斩眨债,4
站寨斩,4
债謩战,4
斩宅謤,4
斩窄沾,4
占展,4
斩寨沾,4
斩寨占,4
斩瞻沾湛,4
斩毡斩栅,4
斩毡斩战,4
斩毡斩湛,4
斩毡湛,4
斩沾占,4
謤摘謩,4
斩蘸湛,4
斩战謤,4
斩謥战斩,4
斩謥謥,4
斩謩謤,4
謤瞻栅,4
沾謩栅,4
蘸謤辗,4
蘸謤战,4
战湛栅,4
栈謩斩,4
詹栈沾湛,4
战湛詹寨,4
謤闸謥,4
辗謩斩,4
謨辗斩,4
謩债,4
窄窄,4
窄闸,4
瞻詹,4
斩栈沾,4
謤毡沾,4
謤战沾,4
闸咋,4
闸咋咋,4
展战栅,4
瞻闸,4
眨寨,4
栅眨,4
謤栅斩斩,4
眨咋謤,4
眨摘栅沾,4
沾斩战,4
窄謩斩,4
眨斩湛,4
詹湛謤,4
謤眨粘,4
栅栅沾,4
栅摘蘸瞻,4
蘸沾,4
栅詹謤栅沾,4
栅斩栅,4
栅斩栅展,4
战湛謤斩,4
栅占斩展,4
謥战蘸,4
栅謤战,4
謤謥栅,4
詹斩眨斩,4
謩毡,4
謤寨诈,4
謤寨寨,4
謤寨謨,4
窄湛战斩,4
盏湛战斩,4
盏诈战斩,4
辗战斩,4
謤栅战栅,4
謤摘斩,4
咋眨湛,4
咋栅摘,4
咋栅詹,4
咋栅蘸謤,4
战窄斩,4
咋债斩斩栅,4
咋寨辗,4
咋寨謤湛战,4
沾謤斩,4
咋瞻斩毡,4
咋瞻战寨,4
咋粘眨斩,4
咋沾闸,4
詹战栅,4
咋沾辗,4
湛站辗斩,4
咋盏詹,4
栅诈,4
咋斩咋,4
斩诈战,4
詹栈战斩,4
咋辗謤栈,4
謤闸战斩,4
詹湛战,4
咋蘸詹,4
咋战沾闸,4
咋湛眨,4
咋湛斩,4
咋謨謩,4
斩栅盏,4
詹謥斩,4
眨战湛,4
诈謤诈謤,4
诈謤沾,4
诈謤謩,4
摘摘沾,4
摘蘸湛,4
謩湛占,4
斩斩瞻,4
宅謤诈,4
沾债,4
展瞻,4
謨斩栅,4
窄摘,4
窄宅窄宅,4
窄斩眨,4
窄謥謥,4
债斩债詹,4
债斩謥,4
謤粘謩,4
寨斩粘诈,4
寨斩湛,4
盏謤謩斩,4
寨占斩展,4
寨謤沾,4
寨謥寨謥,4
债展,4
謤寨謩斩,4
謩謤謩謤,4
瞻斩栅,4
瞻斩展沾,4
湛咋,4
沾咋斩,4
沾诈斩,4
沾寨斩栅,4
沾斩栈,4
沾湛謥,4
窄眨,4
辗瞻,4
謤盏,4
展盏,4
蘸辗斩,4
蘸占湛,4
蘸湛寨,4
蘸謤债,4
战斩寨,4
战斩毡,4
战占斩,4
站辗斩,4
战斩蘸,4
湛湛斩,4
謥瞻占,4
謥辗,4
謥战湛,4
謨诈诈,4
謨占斩寨,4
謨占斩展,4
謨謤诈,4
謩占,4
謩战战,4
闸宅窄,3
湛宅謨,3
眨栈,3
栅窄湛,3
咋眨战,3
咋眨战斩,3
詹窄謩,3
詹闸謤,3
詹窄斩,3
詹窄斩诈,3
詹斩诈,3
詹栈战,3
詹栈謩,3
盏斩謩战,3
斩战謨,3
沾粘,3
沾蘸斩,3
沾蘸战,3
謤债謩斩,3
盏栅展,3
謤蘸謩,3
盏斩眨,3
盏斩謤,3
盏战謥,3
斩眨宅,3
斩眨湛,3
斩栅战湛,3
斩栅謤栅,3
謤寨瞻,3
斩宅占,3
斩寨辗占,3
斩毡斩寨,3
斩毡斩瞻,3
斩毡斩斩,3
斩詹,3
斩辗辗,3
斩辗湛,3
摘眨,3
盏粘战,3
斩蘸斩栅,3
斩栈斩栈,3
斩站粘,3
斩站战湛,3
斩湛窄,3
斩湛窄謤,3
斩湛寨,3
斩湛蘸,3
斩湛謤湛,3
謤瞻謩斩,3
謤謩湛,3
战湛謩斩,3
占眨斩,3
占栅謤,3
謤栅謤,3
占辗,3
占站,3
沾闸謩栅,3
謤闸辗占,3
謤诈沾斩,3
謤债占,3
謤寨詹斩,3
謤瞻沾,3
謤瞻沾斩,3
窄湛謩斩,3
寨毡,3
湛詹斩,3
詹债战,3
謤毡寨斩,3
闸摘摘,3
闸宅诈,3
闸债寨,3
闸詹窄沾,3
闸詹栈,3
闸斩寨,3
闸栈,3
诈斩斩,3
斩毡战斩,3
咋謤斩,3
謤毡謩斩,3
眨摘栅沾斩,3
眨摘湛,3
眨詹咋,3
眨謤诈,3
蘸詹蘸,3
謤毡栅,3
栅摘窄,3
栅摘斩寨,3
栅辗窄,3
詹债謥,3
詹寨詹,3
謤闸债,3
謤眨战斩,3
謩摘,3
斩栈謩斩,3
謤寨粘詹,3
瞻沾战斩,3
詹窄战斩,3
斩展战斩,3
占战栅,3
瞻沾战,3
栅战斩,3
謨战斩,3
咋闸栅,3
咋闸咋斩,3
咋眨诈,3
咋眨占,3
宅战战,3
咋栅蘸,3
咋栅占斩,3
謤诈战斩,3
盏謥战斩,3
詹诈战,3
咋诈謤,3
咋宅债,3
咋宅謩,3
咋窄宅,3
斩寨战斩,3
咋债謨,3
謤粘战斩,3
咋寨斩栅謤,3
盏寨斩,3
謤战斩斩,3
咋瞻占展,3
咋瞻謤栅,3
咋毡寨,3
咋詹栈沾,3
謤蘸斩,3
站诈战斩,3
咋沾寨,3
咋斩摘栅,3
咋斩謤闸,3
咋辗沾,3
詹闸战斩,3
沾战栅,3
战蘸栅,3
战蘸战,3
咋战湛斩栅,3
咋战謤湛,3
咋战謤湛沾湛,3
詹寨斩,3
詹寨战,3
咋站粘,3
咋站辗湛,3
咋站占,3
咋湛斩湛,3
咋謨謤寨展,3
謩战栅,3
斩栅眨,3
斩寨宅謥,3
宅诈,3
诈占诈占,3
诈謤栈,3
摘摘,3
摘窄,3
闸斩窄,3
斩謩斩盏,3
宅斩栅,3
宅謤沾,3
詹粘沾,3
盏寨战,3
窄斩债詹,3
窄占斩展,3
窄占展,3
窄謤湛,3
盏謩战,3
债窄斩,3
债斩謤,3
债蘸湛,3
寨宅謥,3
寨斩展,3
寨占粘,3
寨湛詹,3
寨湛謥,3
战謨謤,3
盏诈瞻,3
战寨战斩,3
湛寨宅,3
沾詹毡,3
斩眨寨,3
瞻债债,3
瞻战寨沾,3
瞻謤毡,3
毡眨毡眨,3
粘詹粘,3
粘斩粘詹寨,3
粘斩粘詹,3
寨窄,3
湛謨,3
瞻謤辗,3
沾寨謤湛展,3
沾謤栈沾斩,3
窄斩诈,3
寨斩诈,3
謤栅眨,3
盏辗湛,3
盏占辗湛,3
窄寨斩,3
诈粘,3
謤辗斩展,3
詹辗,3
沾謨謤,3
辗粘,3
辗斩展沾,3
辗謤诈斩,3
辗謤栈沾,3
辗謤湛,3
辗謩诈,3
展闸,3
展蘸,3
展謩沾,3
蘸展,3
栈謤闸,3
栈謤闸詹窄,3
栈謤沾,3
栈謤辗,3
战寨斩栅,3
战寨战沾斩,3
战斩闸,3
战占,3
盏謤寨,3
站辗,3
战斩瞻,3
湛咋謤寨,3
湛毡,3
湛謨詹,3
謥闸斩,3
謥粘,3
謥謨战,3
謨謩斩,3
謩辗湛,3
謩战沾,3
謩战沾战,3
謩謤謩沾,3
宅闸,2
詹斩栅,2
詹斩斩,2
詹毡謩斩,2
詹战湛,2
詹謥謩,2
辗寨斩,2
盏闸闸,2
盏栅謥,2
盏栅謩,2
盏摘沾斩,2
盏摘沾战,2
盏宅湛,2
盏战眨,2
盏謤沾,2
斩毡斩眨,2
斩毡斩盏,2
斩闸诈,2
斩眨宅窄,2
盏债斩,2
斩栅摘,2
斩栅寨,2
盏謤謤,2
斩栅蘸,2
斩栅謤摘,2
盏诈謩斩,2
斩咋斩斩,2
盏摘謩,2
斩摘蘸,2
斩窄咋,2
斩窄詹粘,2
斩窄詹粘沾湛,2
斩窄湛,2
斩债寨,2
斩债斩斩栅,2
斩寨辗,2
斩寨栈,2
斩寨謤诈,2
斩瞻宅,2
斩瞻沾,2
湛斩斩,2
咋沾咋,2
斩沾占斩展,2
斩展謩斩,2
斩辗謤栈,2
詹窄栈,2
斩战眨,2
斩战寨战,2
斩战詹,2
斩战謤湛,2
斩站寨,2
斩湛詹,2
斩謨湛,2
斩謩诈诈,2
謤湛謩栅,2
蘸窄湛,2
蘸詹栈,2
沾寨栅,2
蘸战蘸,2
栈粘,2
謤栅謩栅,2
占宅斩,2
占宅战,2
占窄诈,2
占詹,2
占斩窄,2
占蘸,2
占湛斩,2
占謨,2
战寨斩,2
战粘,2
战湛詹斩,2
债湛,2
债謩栅,2
謤闸沾,2
謤闸辗,2
謤闸栈,2
謤寨栈,2
謤沾斩寨,2
謤辗战,2
謤辗战斩,2
謤栈斩栅,2
謤战站,2
毡謩,2
謨謥,2
窄辗,2
詹毡謩,2
沾闸占,2
詹债謩,2
斩湛战,2
斩湛謩,2
战咋,2
謤眨謤,2
謤窄謤,2
謤毡眨,2
謤战詹,2
窄占蘸,2
辗窄战,2
诈瞻,2
辗寨战,2
闸宅詹,2
闸詹栅,2
闸斩展,2
闸辗謤,2
站瞻謤,2
闸栈斩,2
斩毡謩斩,2
摘战斩,2
眨摘,2
詹謩战,2
眨窄湛,2
眨债债,2
謤债栅,2
眨占咋,2
眨湛栈,2
眨謤眨宅,2
眨謤栅,2
眨謤诈謥,2
眨謤蘸,2
眨謤謩,2
宅斩寨,2
瞻宅粘,2
栅眨宅,2
宅沾寨,2
栅摘眨沾,2
栅摘沾,2
蘸湛占,2
栅寨宅,2
栅占斩闸,2
栅战湛謤,2
栅站斩,2
栅謤眨,2
栅謤斩栅,2
寨湛占,2
寨眨,2
战謩战,2
战栅謤,2
寨瞻,2
謤栅斩宅,2
謩战謤,2
謩战謤闸,2
謩站湛,2
謩謨,2
謤寨眨斩栅,2
謤寨眨,2
謤寨宅,2
謤寨毡,2
謤寨站,2
诈斩寨,2
诈斩瞻,2
债战栅,2
謤窄斩,2
瞻窄,2
咋闸闸,2
咋闸摘,2
咋闸詹窄,2
咋闸謤謩,2
斩毡栅,2
謤栅斩栅,2
謤债战栅,2
咋眨謤眨占,2
咋栅謤摘,2
詹债展,2
咋咋闸,2
咋咋謤蘸,2
宅眨宅,2
咋诈沾闸,2
詹诈栅,2
詹诈战斩,2
咋诈占,2
咋诈占展,2
站斩斩,2
咋宅占,2
咋宅謤,2
咋宅謥,2
辗斩栅,2
战窄战,2
战窄战斩,2
咋窄咋,2
咋债斩债詹,2
謤闸栅,2
咋债謤,2
咋寨詹咋,2
咋寨斩謩,2
咋寨辗湛,2
咋寨湛謤,2
咋寨謤诈,2
咋寨謤寨,2
咋寨謤寨斩,2
咋寨謤粘,2
咋瞻沾,2
咋瞻斩眨,2
詹沾战,2
咋沾诈,2
咋沾謤窄湛,2
咋沾謤謤,2
咋斩斩栈,2
咋斩蘸,2
斩粘斩,2
咋辗詹,2
咋辗詹诈,2
咋辗謨,2
咋辗謩,2
詹湛战斩,2
咋展眨,2
战蘸战斩,2
謤战战斩,2
咋蘸粘詹斩,2
咋蘸湛詹,2
咋栈斩,2
咋栈斩栈,2
咋栈謤沾,2
咋占战湛,2
咋战窄,2
咋战沾,2
站沾斩,2
咋战謤斩眨,2
咋战謨,2
咋站咋,2
咋站瞻,2
咋站斩栅,2
咋站战湛,2
咋湛窄,2
咋湛窄謤,2
咋湛斩寨,2
咋湛蘸,2
咋湛湛,2
咋湛謤栅,2
咋湛謤湛,2
咋湛謩斩,2
謤湛展,2
咋謥斩债,2
蘸栅,2
詹寨战斩,2
謩謤斩,2
詹謥寨,2
咋謩詹,2
咋謩斩斩,2
咋謩謤沾,2
咋謩謤湛,2
毡战,2
斩栅眨粘,2
斩栅眨謤寨,2
占咋,2
蘸謩斩,2
謤辗辗,2
謤謩沾,2
謨斩诈,2
诈斩栅沾,2
詹诈謩,2
诈謤诈,2
诈謤诈占,2
謤栅謩战,2
站謩栅,2
摘占,2
謤斩寨,2
盏斩湛,2
栈站,2
宅斩宅,2
謤謥謩,2
宅謤栈沾湛,2
宅謩沾,2
展站,2
斩粘战,2
詹粘沾湛,2
窄摘栅,2
窄宅謤栅,2
窄债寨,2
窄斩栅闸,2
詹寨謩,2
窄占寨,2
窄占辗,2
窄湛蘸湛,2
窄謤诈,2
窄謤窄,2
窄謤窄斩栈,2
窄謤毡斩,2
窄謤粘,2
窄謤湛展,2
窄謥寨,2
战謩栅,2
债债沾,2
债詹窄斩,2
债詹謤,2
债斩债,2
债斩寨斩,2
债斩展,2
斩謤栅謤,2
债蘸斩,2
债謤栅,2
债謤湛,2
盏战謤斩,2
寨宅斩,2
蘸謤謥,2
詹謩栅,2
詹湛謩,2
寨债宅,2
寨寨咋,2
寨斩栅謤,2
寨斩寨詹,2
寨斩湛斩湛,2
窄蘸,2
湛沾寨,2
謤斩眨,2
寨占展,2
寨湛斩湛,2
寨謤债宅,2
寨謩謤,2
謤咋战,2
瞻沾謩,2
沾斩辗,2
湛寨湛,2
謤粘謩斩,2
謤謥寨,2
战瞻,2
瞻蘸湛,2
瞻湛蘸湛,2
瞻謤辗湛,2
占謩战,2
毡謤毡,2
盏诈占,2
粘詹謨,2
粘占斩展,2
咋謩诈,2
寨蘸,2
站诈沾,2
战斩沾,2
湛斩展,2
湛斩战,2
湛斩謥,2
謤眨謤湛,2
站诈战,2
沾眨宅,2
沾咋寨,2
沾摘詹,2
斩展栅,2
沾寨诈,2
寨謩栅,2
沾占湛,2
謥债斩,2
沾湛詹,2
沾謤债,2
沾謤沾,2
沾謤栈斩,2
沾謤战,2
沾战战,2
盏湛闸,2
盏湛寨,2
盏湛盏,2
斩寨展,2
栈债,2
栈寨,2
栈瞻,2
咋湛闸,2
盏詹寨,2
栅沾战,2
诈沾战,2
謤栅战蘸,2
诈湛,2
窄瞻,2
詹战謤湛,2
謤寨占,2
斩战湛栈,2
謤摘宅,2
謨辗謨,2
辗眨,2
辗诈謩,2
辗宅沾,2
辗宅斩,2
辗斩栈謤,2
辗占斩,2
辗占斩展,2
辗謤辗,2
战闸斩,2
謤沾斩斩,2
詹詹展,2
展闸斩,2
展詹栈,2
眨辗,2
占蘸占,2
湛斩辗,2
湛辗寨,2
謤咋寨,2
謤咋沾湛,2
蘸粘詹斩,2
蘸粘詹,2
蘸斩展,2
蘸斩湛,2
蘸咋,2
蘸占咋湛,2
蘸占战湛,2
蘸謤粘,2
栈詹沾,2
栈詹栈,2
栈謤栅,2
栈謤诈,2
栈謤窄,2
栈謤沾詹,2
栈謤站,2
栈謤湛,2
占摘栅,2
眨粘寨,2
占战占,2
謤斩栅,2
謩謩斩,2
战宅寨,2
战寨战謥,2
战詹寨,2
战斩寨詹,2
战斩謨,2
占战蘸,2
战蘸謤寨,2
战謤闸寨,2
盏謤闸,2
站謤站,2
謨斩展,2
湛謤沾,2
湛謤湛斩栈沾,2
湛謤謥,2
湛謨窄,2
謥闸宅,2
謥闸占斩,2
謥眨宅,2
謥眨謤,2
謥瞻斩毡,2
謥斩謥詹,2
謥斩謥詹寨,2
謥战寨,2
謥战湛斩栅,2
謥謤沾,2
謥謩战,2
斩栅占斩,2
謤辗沾,2
謨诈謤,2
謨展沾,2
謨占斩謩湛,2
謨謤謨,2
沾窄湛,2
謩粘謩粘,2
謩斩謥,2
謩斩謩,2
謩战沾斩,2
謩謤謩栈,2
斩战咋,2
闸栅宅宅,1
闸栅占瞻,1
闸宅闸,1
咋眨謩,1
咋眨謩栅,1
咋眨謩斩,1
咋眨謩战,1
宅謨诈,1
债栈,1
斩栈謩战,1
詹闸寨,1
詹闸詹闸,1
詹窄栅,1
詹寨謤,1
詹斩债,1
詹斩毡,1
詹辗寨,1
詹栈寨湛,1
詹謥沾,1
詹謨占,1
沾闸詹,1
沾蘸詹,1
沾蘸謩,1
盏眨寨,1
盏栅眨,1
盏摘沾栅,1
盏宅眨,1
盏宅蘸,1
盏宅謩战,1
盏战闸,1
盏湛斩宅,1
盏湛展,1
謩战闸,1
斩闸謤栅,1
斩闸謩,1
斩眨摘,1
斩眨詹斩,1
斩栅摘斩栅,1
斩栅摘謤,1
斩栅詹謤栅,1
斩栅蘸謤,1
斩栅謤站,1
斩咋咋,1
斩咋沾湛,1
斩咋斩,1
斩咋斩战湛,1
斩咋展,1
斩咋謤寨,1
斩诈辗斩,1
斩诈謤债,1
斩摘沾,1
斩宅宅,1
斩宅债,1
斩宅謥,1
斩窄宅謤湛,1
斩窄斩栅,1
斩窄斩栅謤,1
斩债沾,1
斩债湛,1
斩寨摘,1
斩寨辗湛,1
斩寨謤寨斩,1
斩瞻咋,1
斩毡窄,1
斩毡沾,1
斩毡斩蘸,1
斩毡斩謩,1
斩粘沾宅,1
斩沾斩,1
斩沾辗,1
斩沾謤,1
斩斩辗沾,1
謤摘謩斩,1
斩辗辗斩栈,1
斩眨斩栅,1
辗站占,1
斩蘸詹,1
斩蘸詹债,1
斩蘸詹湛,1
斩蘸占,1
斩蘸战,1
斩蘸謤,1
斩栈謤,1
斩占寨,1
斩战闸,1
斩战寨咋闸,1
咋闸沾斩,1
咋闸斩斩,1
斩战湛眨,1
斩战湛眨湛,1
斩战湛斩,1
斩战湛謤栈,1
斩战謤湛斩,1
斩站瞻,1
斩站謤栅,1
斩湛占謨,1
斩謥斩栅,1
斩謥栈,1
斩謨辗,1
斩謨辗謤,1
斩謨謩,1
辗栅謩,1
展謩战,1
蘸栅宅沾寨栅,1
蘸宅沾,1
蘸战蘸謤,1
蘸謤栅沾,1
蘸謤栅,1
蘸謤诈,1
蘸謤辗沾,1
詹沾战斩,1
寨斩瞻,1
湛沾湛,1
占闸斩,1
占眨湛,1
占眨謤,1
占栅斩,1
占债占,1
占沾湛,1
占盏,1
占斩沾,1
占斩辗,1
占斩战湛,1
斩寨斩粘,1
占站寨,1
占謩湛,1
战寨詹,1
战湛债,1
债盏,1
战湛战湛,1
战謤寨,1
战謤斩,1
謤栅瞻,1
謤栅站,1
謤咋謤,1
斩寨沾斩,1
謤诈謤,1
謤债占斩眨,1
謤栈湛,1
謤湛诈,1
謤湛瞻,1
辗窄謩,1
站诈盏,1
盏謥謩栅,1
謨战斩栅,1
眨斩眨,1
诈诈寨,1
詹辗湛,1
詹謤栈,1
沾闸辗斩,1
湛詹謩,1
辗詹斩,1
占斩謩,1
謤毡謤闸,1
謤毡謤沾湛,1
謤毡謤斩,1
謤毡謤蘸,1
謤毡謤站咋,1
謤辗宅,1
謤辗詹,1
謤战眨,1
謥窄謨,1
謥窄謨斩,1
闸闸展,1
闸闸栈,1
辗窄謩斩,1
謤栅咋,1
辗寨謩,1
辗寨謩斩,1
粘瞻,1
闸瞻,1
闸詹闸栈,1
闸粘,1
闸粘斩,1
闸沾闸,1
展謩栅,1
闸斩栅占,1
闸斩沾,1
闸辗摘寨,1
闸辗,1
闸辗湛,1
闸辗謤斩,1
占粘斩,1
闸栈栈,1
闸占斩窄,1
闸占斩謥,1
闸占辗,1
闸占展,1
闸湛,1
闸湛寨,1
闸謤栅眨咋,1
闸謤辗,1
闸謤栈,1
闸謤謩,1
栅辗,1
沾謨占,1
盏宅窄,1
斩毡謩战,1
占斩栅沾,1
盏粘斩,1
斩债謩,1
謨斩斩,1
湛謩战,1
謤瞻謤,1
謤毡斩宅,1
眨宅眨宅,1
眨窄诈,1
眨詹诈,1
眨詹湛,1
眨粘,1
眨斩毡,1
眨斩展,1
眨辗寨,1
盏摘寨,1
謤债謩战,1
闸謩战,1
眨占眨占,1
眨占宅,1
眨占詹,1
眨湛斩,1
眨謤栈宅,1
眨謤湛,1
粘謩斩,1
栅眨詹,1
栅栅斩展,1
栅栅展,1
謤闸寨,1
栅咋,1
栅宅闸,1
栅寨詹,1
栅沾闸,1
栅斩闸,1
栅斩栅詹,1
栅斩栅斩展沾,1
栅斩栅斩展,1
詹站粘斩,1
盏咋斩摘,1
战湛謤栅,1
栅站,1
栅謤栅斩栈,1
栅謤栅栈,1
辗沾斩,1
栅謩战,1
寨寨宅,1
謤闸謩栅,1
詹栈謤,1
詹謤栅,1
眨沾湛,1
謤眨展,1
謤栅沾斩战湛,1
謩眨沾闸,1
謩诈咋,1
謩诈辗,1
謩寨詹,1
謩粘,1
謩沾湛,1
謩斩辗,1
斩栈謩栅,1
謤寨眨宅窄,1
謤寨眨宅,1
詹每,1
謤寨债,1
謤寨战湛,1
謤寨謤沾,1
謤斩栈斩,1
诈斩战,1
诈斩眨,1
诈斩粘,1
诈斩粘謤,1
诈斩沾,1
诈斩辗謤栈,1
诈斩謨,1
宅謩闸,1
瞻沾栅,1
咋眨战栅,1
咋栅謤斩,1
咋謤沾,1
盏战战斩,1
斩眨謥,1
沾闸战栅,1
沾闸战斩,1
站诈謨,1
战謤栅,1
謤诈窄,1
謤诈沾,1
瞻战栅,1
站诈闸,1
湛詹战,1
咋闸宅辗,1
咋闸詹,1
咋闸占,1
瞻沾斩斩,1
咋闸謤眨斩,1
咋闸謩謤,1
宅眨,1
咋眨咋,1
咋眨摘湛,1
咋眨债,1
咋眨詹,1
瞻辗诈,1
咋眨謤寨,1
咋栅眨詹,1
咋栅栅沾,1
咋栅摘斩栅,1
咋栅摘斩,1
咋栅摘蘸,1
咋栅寨宅,1
咋栅寨詹,1
咋栅詹謤栅,1
战湛謤战,1
咋栅战謤,1
咋栅站,1
咋栅謤栅沾,1
眨斩斩,1
詹债沾湛,1
湛站,1
謤债沾,1
謤债栈,1
咋咋詹栈沾,1
咋咋沾謤,1
咋咋斩栅寨,1
盏寨战栅,1
咋诈宅蘸,1
咋诈窄,1
咋诈占展斩,1
咋诈謤诈,1
詹毡战,1
詹毡战斩,1
斩展战栅,1
盏栅斩,1
咋宅宅寨,1
咋宅瞻,1
咋宅斩,1
咋宅謤闸,1
咋宅謤湛,1
战战栅,1
咋窄诈,1
咋窄摘,1
咋窄债,1
咋窄詹窄,1
咋窄沾,1
咋窄斩毡,1
咋窄占展,1
咋窄湛謤,1
咋窄謤战,1
咋债债,1
咋寨咋,1
咋寨寨,1
咋寨斩眨沾,1
咋寨斩粘,1
咋寨辗占,1
詹沾斩栅,1
斩謩战斩,1
咋寨占謨,1
咋寨謤寨栈,1
咋寨謤寨湛,1
咋寨謤粘湛,1
咋寨謤战,1
咋瞻斩展,1
謨战栅,1
斩毡战栅,1
咋毡眨湛,1
宅诈栅,1
咋詹栈沾湛,1
謤蘸战斩,1
咋粘眨,1
咋粘詹闸,1
咋粘粘,1
咋粘斩辗,1
咋粘辗栅,1
咋粘展,1
咋粘占,1
辗寨战斩,1
咋沾闸謤,1
詹謤斩,1
咋沾摘詹,1
咋沾宅,1
咋沾债闸,1
咋沾债,1
咋沾寨謤湛展,1
咋沾詹,1
咋沾斩展,1
咋沾辗寨,1
咋沾辗湛寨,1
咋沾辗湛斩栈,1
咋沾占斩展,1
咋沾战宅,1
咋沾謤债,1
咋沾謤謥,1
咋盏战湛,1
站战栅,1
咋斩诈,1
咋斩债闸,1
咋斩粘,1
咋斩辗栅,1
咋斩占斩,1
咋斩謤,1
咋斩謨謤寨,1
咋辗占,1
咋辗占斩展,1
咋辗湛,1
咋辗謤,1
咋辗謤诈,1
盏眨謩,1
謤沾栅,1
謤诈沾湛,1
斩眨战斩,1
咋展沾辗寨,1
咋展盏,1
咋展斩,1
咋展斩展,1
咋展战,1
咋展謩,1
咋蘸詹斩毡,1
咋蘸粘斩,1
咋蘸斩,1
咋蘸斩栅,1
咋蘸占,1
咋蘸占湛,1
咋蘸湛寨,1
咋栈謤辗,1
咋占詹,1
咋占粘,1
咋占沾闸,1
咋占斩眨,1
咋占辗湛,1
咋战窄謤,1
咋战寨咋闸,1
咋战寨咋闸斩,1
咋战斩斩栅,1
咋战湛眨,1
咋战湛謤,1
咋战謨占,1
瞻辗,1
战謥窄,1
咋站粘占,1
咋站辗斩,1
咋站战,1
咋站湛湛,1
咋站謤栅,1
咋站謤诈,1
咋湛宅謨,1
詹债战斩,1
咋湛沾,1
咋湛湛斩,1
咋湛謨窄,1
咋湛謨,1
咋謤寨沾,1
盏謥謩斩,1
盏謥謩战,1
盏眨战斩,1
咋謥宅,1
咋謥斩謥,1
咋謥占寨,1
咋謥占,1
咋謥謤湛,1
咋謥謨战,1
咋謥謩,1
咋謨詹毡寨,1
咋謨辗謤,1
詹謥謤斩,1
咋謩债斩,1
咋謩謤謩,1
毡战栅,1
辗謩栅,1
沾闸瞻寨,1
沾闸辗湛,1
沾闸占斩沾,1
斩眨粘,1
斩眨謤寨,1
斩栅闸,1
斩栅咋闸,1
斩栅窄占斩,1
斩栅寨謤寨,1
斩栅毡,1
斩栅展,1
謤謥栈,1
斩诈瞻,1
斩寨宅斩,1
斩寨斩毡,1
沾闸咋,1
战湛瞻,1
战湛斩沾,1
诈蘸,1
窄毡,1
盏寨謩,1
斩毡謤斩,1
謨栅,1
诈诈占寨,1
诈窄战,1
诈詹寨,1
诈詹謩,1
诈斩诈,1
诈斩债寨,1
诈斩栈,1
詹诈謩斩,1
詹诈謩战,1
诈占斩,1
诈謤诈斩栈,1
诈謤斩栈,1
诈謨詹,1
诈謩诈謩,1
诈謩謥,1
摘詹,1
摘沾湛,1
摘謩诈,1
斩斩诈咋,1
斩斩蘸,1
辗湛謤,1
辗湛謤沾,1
蘸斩窄,1
盏斩辗,1
宅债寨,1
宅债斩闸,1
宅沾闸,1
宅沾辗湛,1
战斩诈,1
宅占寨,1
宅站,1
宅謤诈斩,1
宅謤栈沾,1
宅謥栈,1
宅謨斩,1
宅謩栈,1
诈眨,1
詹粘斩,1
盏宅斩栅,1
盏债寨,1
盏债詹,1
展寨謤,1
斩粘战斩,1
斩粘謩斩,1
占斩战斩,1
战窄謩,1
战窄謩斩,1
謤窄宅,1
謤窄斩粘,1
盏寨战斩,1
謥謨謤,1
謤咋眨,1
詹栅斩,1
窄咋沾,1
窄咋湛,1
窄咋謤,1
窄诈斩,1
窄摘栅摘,1
窄宅詹,1
窄宅斩,1
窄宅謤栅斩,1
窄债闸,1
窄债闸债,1
窄债蘸,1
窄詹窄诈,1
窄詹斩栈,1
窄斩展,1
窄斩湛,1
窄辗湛謤,1
沾闸謩战,1
謤窄湛,1
謤辗窄,1
謤辗謩,1
謤辗謩斩,1
摘栅斩,1
占斩粘,1
窄蘸斩,1
窄占闸,1
窄占斩栅,1
窄占斩栈,1
窄占斩湛,1
窄占栈湛,1
窄湛詹,1
窄湛詹湛寨,1
窄湛詹湛沾,1
窄湛湛,1
窄謤粘诈,1
窄謤辗沾,1
窄湛沾,1
窄謤展,1
窄謤湛窄謤湛,1
窄謤湛斩,1
窄謥栈,1
盏诈謤,1
盏站,1
盏湛栅,1
债窄斩寨,1
债寨謤,1
债沾闸,1
债沾謤栅,1
债沾謤,1
债斩眨斩,1
盏謥栅,1
债謤债,1
沾盏,1
盏沾斩,1
盏沾战,1
斩宅謤沾,1
辗沾闸,1
謤湛战栅,1
蘸债,1
謤眨栅,1
謤寨湛展,1
謤粘摘,1
寨闸斩,1
寨謤展,1
寨咋寨斩债湛,1
粘诈,1
寨债寨湛,1
寨债湛,1
寨寨展,1
寨詹闸,1
寨詹诈,1
寨詹寨,1
斩栅謤斩,1
寨粘斩,1
寨粘蘸,1
寨粘謤,1
寨沾闸謤,1
寨斩眨沾,1
寨斩眨,1
寨斩栅斩栅,1
寨斩债,1
寨斩毡,1
寨斩毡斩,1
寨斩湛斩栅,1
寨辗寨占,1
咋占斩,1
詹沾斩战,1
粘寨謥,1
沾斩寨,1
盏咋寨,1
辗寨占粘,1
站债,1
湛沾斩寨,1
占粘闸,1
謤粘闸,1
寨占咋,1
寨占诈,1
寨占斩,1
寨湛斩栅,1
寨湛謤展,1
寨謤寨栈,1
寨謤沾詹,1
寨謤謥,1
寨謥寨湛,1
寨謥謤栅,1
寨謥謤,1
謤毡展,1
沾謤栅,1
盏窄,1
盏展,1
盏辗战,1
盏謤摘,1
辗沾謩,1
战寨謩,1
战寨謩斩,1
謤诈瞻,1
謤诈盏,1
謤寨謩战,1
謤战斩栅,1
謤战斩沾,1
謤謥謨,1
瞻栅斩,1
詹眨謩,1
詹毡沾,1
湛咋瞻,1
站湛謩,1
謩謩栅,1
瞻摘寨,1
斩眨寨斩,1
斩眨寨謤寨,1
斩眨蘸,1
瞻宅謤栅,1
瞻斩眨寨斩,1
瞻斩眨蘸,1
瞻斩栅謤,1
瞻斩寨,1
詹沾謩,1
瞻占斩展,1
站沾栅,1
站謨战,1
瞻湛蘸,1
瞻謤粘沾,1
瞻謤战,1
闸占湛,1
眨窄,1
詹战战,1
毡眨沾,1
毡眨占湛,1
占斩闸,1
占斩栅謤,1
占斩诈,1
占斩毡眨,1
占斩謨,1
毡宅,1
謤战謩斩,1
毡斩眨,1
毡蘸謤湛,1
盏詹战,1
站寨謤,1
詹蘸斩,1
盏粘謩,1
斩寨窄,1
斩粘寨,1
斩粘謩,1
蘸寨湛,1
詹蘸謩,1
粘詹闸,1
粘詹粘詹寨,1
粘詹粘沾,1
粘詹粘沾粘,1
粘詹沾粘沾粘,1
粘斩粘,1
粘斩展,1
粘辗眨謤,1
粘辗斩,1
粘占詹,1
粘謨斩,1
眨宅謥,1
眨宅謥湛,1
咋沾咋寨,1
寨謨,1
粘战栅,1
瞻謩謤湛,1
詹咋沾,1
盏战湛占,1
盏謤蘸,1
盏謤謨,1
粘瞻謤,1
斩謤寨,1
战謩诈,1
湛瞻謤,1
謤眨占,1
謤咋战斩,1
沾眨占,1
债战寨,1
詹謤债,1
宅盏,1
沾咋眨,1
沾咋栅,1
沾咋謤,1
债闸斩,1
沾诈窄,1
斩战咋謤寨,1
斩展展,1
沾宅沾宅,1
沾窄宅粘,1
沾窄宅,1
沾窄沾窄,1
沾窄謤粘,1
沾债闸,1
沾债窄,1
沾债謤,1
沾债謤寨,1
沾寨斩战,1
沾寨蘸,1
沾寨战,1
沾寨謤,1
沾毡,1
沾詹咋,1
沾詹咋斩,1
沾詹寨,1
沾詹詹,1
沾粘斩,1
沾粘謤,1
沾沾寨,1
沾斩粘詹,1
沾辗湛寨,1
寨诈栅,1
瞻诈,1
沾占咋眨,1
沾占寨,1
沾战眨,1
沾战窄,1
沾战沾,1
沾战謤,1
沾战謩,1
沾湛栈,1
沾謤寨,1
沾謤瞻,1
沾謤栈沾,1
沾謤謩,1
沾謥占,1
沾謩诈,1
沾謩占,1
栅眨栅,1
瞻占斩,1
诈战栅,1
詹诈寨,1
詹謥战,1
诈战湛,1
盏栅寨,1
盏斩寨,1
盏斩沾瞻,1
盏战沾瞻,1
斩眨沾,1
斩栅沾辗斩,1
斩謥沾,1
栈窄,1
栈寨謤诈,1
栈毡眨,1
栈斩沾,1
栈辗,1
栈湛,1
占眨詹,1
斩展湛,1
謤寨战栅,1
湛咋盏,1
湛沾斩,1
占摘眨,1
盏詹栈寨,1
盏盏,1
詹栅盏,1
詹栅謩斩,1
盏咋战斩,1
盏占斩眨,1
盏战寨咋闸,1
盏战寨咋闸斩,1
寨沾湛,1
窄寨謤诈,1
窄粘謤,1
謤蘸湛詹,1
謤謩战栅,1
謤謩战斩,1
诈债,1
诈謩战,1
斩詹沾,1
斩辗湛謤,1
盏斩闸,1
盏斩瞻,1
斩战謤斩,1
瞻斩辗,1
瞻战蘸謤,1
瞻战湛,1
瞻謤沾,1
沾辗詹湛,1
沾辗蘸,1
斩粘栅,1
斩诈謩,1
斩寨詹寨,1
湛债宅,1
詹栈謩斩,1
占债,1
辗寨诈,1
辗詹宅,1
辗詹謨,1
辗沾闸謤,1
辗斩眨,1
辗斩诈,1
辗斩窄,1
辗斩寨斩粘,1
辗斩瞻,1
辗斩沾,1
辗斩盏,1
謤瞻謩战,1
辗斩謨,1
辗辗蘸,1
謤栈闸斩,1
謤栈眨,1
謤栈债,1
謤栈粘,1
謤栈謩斩,1
辗展闸,1
辗展沾,1
辗蘸宅,1
辗占斩栈,1
辗謤辗斩栈,1
辗謤栈寨,1
辗謤湛斩,1
辗謨辗謨,1
詹闸沾,1
詹闸謩斩,1
詹斩栅摘斩,1
詹斩湛,1
寨斩闸,1
战寨謤寨,1
站栅謤,1
湛斩闸,1
湛斩咋,1
湛斩宅,1
湛斩窄,1
湛斩窄诈,1
湛斩寨占,1
湛斩謨,1
湛斩謩,1
謤债寨湛,1
謤栈宅,1
謤栈斩瞻,1
詹湛謩斩,1
謤沾闸,1
謨展眨,1
展咋,1
展摘,1
展宅,1
展瞻宅,1
展毡,1
展詹栈寨,1
展粘,1
展沾斩,1
展沾辗寨,1
展沾辗湛斩栈,1
謩眨宅窄,1
謩眨謤,1
謩栅謤,1
謩摘占,1
謩寨謤寨,1
謩盏,1
謤謩瞻,1
謤謩毡,1
展站斩,1
展站辗湛,1
展湛,1
斩湛窄湛,1
辗湛眨,1
寨詹湛,1
占蘸謤,1
咋沾栅,1
咋沾斩斩,1
湛沾展,1
湛斩栈,1
謤咋沾,1
战蘸謩斩,1
謤窄謤謥,1
謤湛闸,1
蘸摘眨,1
詹债栅,1
蘸宅詹,1
蘸詹蘸咋,1
蘸詹蘸詹,1
蘸斩栅寨,1
蘸辗謤,1
蘸蘸宅,1
蘸占咋,1
蘸湛窄,1
蘸湛战眨,1
蘸湛战寨,1
蘸謤謤,1
蘸謤謩,1
沾闸诈,1
謨謤沾,1
栈宅沾,1
栈謤眨斩,1
栈謤摘,1
栈謤窄斩栅,1
栈謤沾窄,1
栈謤栈謤,1
闸沾,1
摘诈,1
寨战蘸,1
占沾闸咋,1
占辗栅,1
站战沾,1
占战湛寨,1
宅謤寨,1
沾謥窄,1
战眨沾,1
寨詹斩,1
战窄湛,1
战寨咋闸沾,1
战寨斩栅寨,1
战寨占,1
詹闸斩,1
战詹眨,1
战沾蘸,1
战沾謩,1
战斩栅沾,1
战斩债,1
战斩毡斩,1
战斩湛,1
湛謩謤,1
謤闸战栅,1
謤闸謩战,1
战蘸斩眨,1
战蘸斩眨占,1
战蘸湛,1
战蘸謤湛,1
战占斩展,1
战占斩栈,1
战湛斩眨,1
战謤诈,1
战謤沾,1
战謤斩寨,1
战謤战寨沾,1
战謤湛寨,1
战謤湛瞻,1
战謤湛沾,1
战謤湛謥,1
窄站,1
斩栅謨,1
詹摘,1
占站占,1
盏謤站,1
謤眨謤寨,1
謤债窄,1
站咋謤,1
站摘,1
站宅诈,1
站粘湛,1
站辗湛沾闸,1
站謤眨,1
战斩瞻謤,1
謤斩湛,1
謤謤斩,1
詹沾斩寨,1
湛咋咋,1
湛咋謤,1
謤湛斩栈,1
湛摘眨斩,1
寨謩战,1
湛寨粘,1
湛詹詹,1
湛斩蘸,1
瞻沾寨,1
瞻沾謩斩,1
湛占斩,1
湛战湛,1
湛湛謩,1
湛謤眨,1
湛謤沾詹,1
斩栈栅,1
謤窄粘,1
债斩宅,1
盏詹謩,1
盏战站,1
盏湛沾,1
謥闸摘辗寨,1
謥闸謤,1
謥眨宅窄,1
謥栅摘斩,1
謥栅蘸謤,1
謥栅占斩,1
謥栅战湛,1
謥栅謤,1
謥诈咋,1
謥寨詹,1
謥寨謤湛战,1
謥毡沾,1
謥沾债闸,1
謥沾债,1
謥沾斩,1
謥沾辗,1
謥沾湛,1
謥斩栅沾,1
謥斩寨,1
謥斩寨斩,1
謥辗沾,1
謥栈謤闸,1
謥战眨,1
謥战寨咋闸,1
謥湛謨窄,1
謥湛謨詹,1
謥謤謥,1
謥謤謥湛,1
謥謩謤,1
窄展寨,1
盏宅謨,1
盏湛謩斩,1
占战战,1
战湛闸,1
謤战闸,1
湛謤站,1
謨诈謤湛,1
謨宅謥,1
謨债寨,1
謨詹债寨,1
謨詹债,1
謨詹寨,1
謨詹毡,1
謨詹謨栈,1
謨粘,1
謨斩栅占,1
謨斩栈,1
謨斩湛占,1
謤毡蘸,1
謨占斩,1
謨占斩謩,1
沾謨诈,1
謨战湛,1
謨湛詹,1
謨謤咋,1
展斩沾,1
謨謤謤,1
謨謤謩,1
謨謤謩謤,1
謨謥斩,1
债闸,1
謩謩战,1
詹謥謤寨,1
盏占战,1
栈沾湛,1
栈謩栅,1
盏占謩,1
盏占謩斩,1
謤诈斩栈沾,1
謤沾謤謥,1
闸战斩,1
站闸斩,1
謩瞻斩,1
謩斩诈,1
謩斩诈占斩,1
盏謤眨,1
謤沾謩斩,1
謩展謩展,1
謩占诈,1
謩占战湛,1
謩战謨,1
謩謤债,1
謩謤蘸,1
謩謤謩占,1
